Index,ctrgcn-B,ctrgcn-BM,ctrgcn-J,ctrgcn-JM,mixformer_BM_34.2,mixformer_B_63.9,mixformer_JM_46.45,mixformer_J_69.65,mixformer_k2_69.60,mixformer_k2m_59.55,mstgcn-B,mstgcn-BM,mstgcn-J,mstgcn-JM,tdgcn-B,tdgcn-BM,tdgcn-J,tdgcn-JM,tegcn_B_69.45,tegcn_J_69.85
23,55,55,55,55,102,102,110,55,102,18,55,55,55,55,55,55,55,55,55,55
39,118,43,19,43,19,19,118,19,19,118,19,43,19,19,19,19,19,19,118,19
44,36,36,36,36,47,36,36,36,40,36,36,24,36,36,43,36,36,36,36,36
45,6,6,6,6,6,127,6,6,6,6,127,6,6,6,6,6,6,6,6,6
47,26,19,19,129,19,19,129,26,129,19,39,129,19,129,129,129,19,129,129,19
48,62,45,125,45,64,125,45,125,125,62,45,27,125,62,125,45,62,65,36,36
50,37,37,37,37,2,43,41,2,37,37,37,36,2,31,37,37,2,37,37,37
53,103,25,103,9,25,103,9,30,103,99,30,10,103,9,30,25,5,25,103,30
54,127,127,46,127,127,6,127,46,46,46,48,127,21,127,127,127,12,127,127,46
58,8,45,8,45,47,8,53,9,8,10,8,28,8,125,8,45,8,45,28,8
63,65,43,62,43,43,41,43,62,67,65,65,43,67,43,3,43,63,5,15,62
65,59,35,5,17,138,118,138,5,17,35,5,1,5,138,59,35,17,35,5,5
67,67,37,37,39,16,67,19,37,2,117,37,19,2,70,15,65,67,15,15,37
68,22,59,20,59,103,60,59,59,152,22,59,103,59,59,59,99,22,59,20,59
72,125,45,125,38,45,108,25,125,125,24,125,27,125,24,64,45,125,36,125,125
75,68,36,38,44,39,68,36,68,68,40,36,0,38,44,38,62,68,41,68,68
76,8,8,8,28,28,8,28,8,8,8,8,28,8,28,8,28,8,28,8,8
80,100,100,100,99,100,100,32,100,32,57,100,100,100,32,32,100,32,32,100,100
82,67,34,70,34,1,42,1,34,45,62,125,1,62,1,63,34,70,34,47,125
83,14,14,16,14,14,14,14,14,16,16,16,14,14,14,14,14,14,14,14,14
86,36,36,36,36,36,36,36,36,36,36,38,72,36,36,68,68,36,68,38,36
88,40,64,36,64,2,41,31,40,41,40,36,31,64,43,38,31,64,31,40,38
90,42,9,17,44,138,53,113,44,42,140,42,1,42,19,17,129,17,1,44,44
96,8,8,8,28,28,28,8,8,8,8,8,8,8,32,8,28,8,28,8,8
97,54,52,52,4,52,52,50,52,52,54,54,49,54,4,52,49,52,49,4,54
98,121,121,121,50,50,136,136,136,136,3,121,136,50,121,121,121,50,121,121,121
101,123,46,46,53,46,46,46,46,46,103,22,46,141,141,46,53,46,46,46,46
108,61,61,61,61,61,60,61,60,60,60,60,61,60,61,60,61,60,61,61,60
114,23,30,22,20,32,23,20,23,23,23,22,3,22,22,23,20,23,22,66,59
116,62,62,62,62,36,62,62,62,63,65,63,43,62,62,63,62,62,62,63,63
118,65,65,62,65,0,65,62,62,65,65,65,65,70,65,63,65,70,65,70,62
121,73,107,107,106,73,107,107,107,107,99,73,107,73,107,107,107,73,107,73,73
133,55,55,55,55,55,55,55,55,55,55,55,55,55,55,55,55,55,55,55,55
139,115,26,115,115,45,116,41,116,115,116,115,3,115,3,115,3,115,3,116,115
145,46,6,46,6,46,141,122,122,46,53,46,122,46,122,46,123,46,46,6,52
147,118,62,118,36,65,43,62,118,43,118,36,62,36,24,43,62,118,36,118,43
151,138,138,137,138,136,137,138,138,138,136,138,136,138,136,138,136,137,138,138,121
160,16,63,13,109,103,13,102,13,14,14,16,13,16,102,14,109,14,14,14,16
161,103,100,103,100,100,100,100,100,100,100,17,100,103,100,100,100,103,103,103,5
164,36,36,36,21,32,36,41,36,36,116,36,23,36,36,36,32,36,36,36,36
165,125,32,13,57,18,125,45,125,125,125,125,45,125,68,125,1,125,18,47,150
169,5,17,17,17,17,17,17,5,17,17,17,17,5,17,17,17,17,17,17,5
179,16,16,15,16,16,16,16,16,16,16,16,15,16,16,5,16,16,16,15,15
180,5,62,5,43,36,16,36,5,5,5,20,62,5,68,5,36,5,16,5,5
181,17,31,17,41,5,17,41,5,59,5,17,40,5,23,5,31,5,23,5,5
188,62,24,62,36,24,38,36,62,62,62,36,24,62,24,62,24,62,24,38,36
189,8,32,28,28,25,8,33,8,8,8,8,32,8,28,8,28,10,28,8,8
191,39,0,39,31,31,39,0,39,39,37,39,31,39,0,39,0,39,0,39,39
192,8,8,8,48,48,8,48,8,8,8,8,48,8,48,8,48,8,48,8,8
194,64,68,64,64,25,30,36,30,30,64,30,30,30,30,64,30,30,3,64,30
199,21,32,58,14,13,58,14,21,109,58,109,63,21,14,14,13,109,14,64,109
204,40,31,70,41,39,38,40,40,41,24,70,31,64,31,39,41,70,31,70,70
206,69,42,11,42,145,73,42,69,69,42,69,42,69,129,69,42,69,42,69,69
209,1,32,150,10,25,102,25,45,25,27,25,30,18,32,25,30,25,68,45,25
212,8,9,8,48,48,8,8,9,8,10,8,9,8,28,8,9,10,48,8,9
214,121,121,49,17,7,20,7,49,49,121,121,7,50,6,121,66,49,6,49,49
215,54,4,49,4,4,29,54,54,4,49,54,4,54,4,54,4,29,4,4,49
216,29,29,4,66,29,29,29,54,4,121,49,29,29,29,51,29,29,29,54,54
217,53,53,53,53,53,46,53,124,124,124,53,53,53,46,53,53,54,53,122,53
227,63,63,50,63,63,63,16,63,63,65,63,49,65,49,65,63,63,63,16,65
233,11,56,11,109,23,42,72,42,35,42,11,12,70,12,11,56,69,56,11,11
235,65,50,65,50,49,62,50,65,65,65,65,121,71,52,50,121,71,29,65,71
239,32,32,32,32,57,32,32,32,32,32,100,32,32,32,32,32,32,32,32,32
244,113,113,120,113,72,113,113,113,113,113,113,140,113,113,113,113,120,113,113,120
255,115,116,115,116,116,115,116,115,115,115,115,116,115,116,115,116,115,116,115,116
257,43,65,40,38,39,118,41,41,118,41,118,36,118,62,41,65,41,21,118,118
260,51,7,71,54,151,50,151,53,122,122,50,4,4,4,53,49,4,29,4,29
261,123,46,122,46,46,46,46,46,46,46,46,46,123,46,46,46,53,46,46,46
262,122,46,122,122,46,141,46,127,53,46,123,124,6,46,53,124,141,46,123,46
263,118,118,36,36,5,36,118,64,64,36,36,36,36,36,38,24,36,36,36,36
264,140,140,140,129,129,140,138,140,140,140,140,113,140,105,140,140,140,140,140,140
266,19,72,19,72,72,19,129,19,19,113,19,72,19,129,19,72,19,72,19,19
267,137,60,141,7,54,100,20,136,137,141,61,6,138,7,100,7,151,141,141,137
268,136,51,69,126,71,100,138,136,138,136,136,71,137,128,137,126,71,126,71,137
271,17,17,149,140,17,17,140,140,140,17,17,17,140,17,17,140,149,140,17,149
276,14,13,14,13,13,14,14,14,16,14,14,14,14,13,14,13,14,14,14,14
277,26,26,26,26,17,115,5,115,26,116,115,26,115,115,115,26,115,117,115,26
279,69,140,11,140,58,72,140,151,58,16,69,139,140,69,11,140,151,140,140,65
285,93,132,93,93,131,131,131,130,130,93,93,93,93,93,132,93,93,93,93,79
306,93,93,93,131,93,93,77,131,93,93,131,131,131,131,131,93,131,86,93,131
307,78,77,78,86,77,78,77,78,132,78,86,77,78,86,78,77,78,86,78,78
311,74,95,130,130,95,74,95,130,130,130,130,77,130,130,130,130,130,130,130,130
313,64,15,64,31,117,64,117,64,64,18,64,37,64,41,64,31,0,40,64,64
315,2,37,37,37,37,2,37,37,2,37,37,2,37,37,2,37,2,37,37,37
317,49,4,50,4,4,49,4,4,4,49,49,49,49,54,49,4,49,7,50,4
320,7,25,7,32,127,7,6,7,7,7,3,68,3,56,23,68,23,56,63,5
328,14,16,14,16,16,14,16,14,31,64,16,16,35,16,0,16,0,16,14,16
330,5,25,5,28,144,30,47,5,5,5,5,1,30,48,3,32,5,28,5,5
339,39,99,57,99,73,39,57,39,39,39,26,99,39,57,39,99,26,26,39,39
342,49,49,49,4,4,29,4,49,29,49,49,50,50,4,49,49,49,49,49,29
347,24,0,24,2,40,24,64,24,24,31,24,64,24,0,34,31,24,64,24,24
353,24,64,31,31,34,24,41,31,31,31,31,0,40,31,31,0,31,15,40,40
354,38,39,38,39,38,38,115,38,38,115,41,2,38,43,26,26,38,115,38,38
356,31,67,31,31,39,43,43,31,31,31,31,26,31,31,2,31,31,31,43,31
362,4,51,50,151,49,29,151,4,50,4,50,49,50,51,49,51,4,29,50,4
364,52,14,3,14,28,30,14,14,44,21,21,14,51,14,3,14,3,14,3,21
365,52,52,3,121,32,3,121,3,3,3,121,121,52,121,3,51,3,121,51,21
373,61,61,61,60,60,60,60,61,61,60,60,61,60,61,61,61,61,60,60,60
378,62,70,62,67,64,34,64,62,62,62,62,67,62,64,62,67,62,67,62,62
394,55,143,143,55,107,143,143,143,143,143,106,113,143,99,143,110,143,106,106,143
398,55,55,55,55,55,110,110,55,55,55,55,110,55,110,55,55,110,55,110,110
406,19,19,19,19,19,19,72,19,19,19,19,72,19,19,19,19,19,69,19,19
410,151,123,123,53,137,151,53,124,123,128,53,137,122,122,151,124,123,137,122,123
412,137,122,124,123,142,137,123,124,123,137,122,122,124,122,142,122,124,123,122,123
413,36,36,36,62,36,125,36,36,36,36,36,36,36,36,36,36,36,62,36,36
419,7,7,61,61,7,61,54,4,66,7,61,61,50,61,7,66,4,66,61,61
425,13,15,34,15,13,16,15,13,13,13,13,16,13,14,13,15,34,13,34,13
428,150,8,42,126,63,42,42,48,42,18,48,48,48,126,28,28,28,42,28,28
432,2,47,37,47,118,37,42,37,2,2,37,47,2,34,37,47,37,47,37,2
436,66,152,152,127,60,22,136,22,22,152,20,61,72,59,152,46,152,136,20,152
439,10,10,10,23,127,25,25,10,10,25,10,10,10,25,25,10,10,22,10,10
450,20,61,61,61,46,20,22,20,20,61,66,61,20,61,66,61,61,61,20,61
457,25,23,25,23,127,25,23,25,25,23,25,127,25,20,25,23,27,23,25,25
464,24,68,24,41,6,24,41,34,34,36,24,17,24,31,24,23,31,23,24,24
465,35,16,5,41,0,15,16,31,31,31,16,16,35,43,16,16,31,31,16,16
467,2,21,2,59,21,24,24,2,2,43,2,23,2,22,37,21,2,24,2,2
468,41,38,40,40,38,41,38,31,31,36,31,40,31,24,41,40,31,31,40,31
469,2,68,2,24,0,31,36,31,31,41,2,45,31,24,2,24,31,24,2,2
470,31,1,24,24,36,24,36,24,24,68,24,36,31,0,24,24,2,24,24,24
474,27,22,25,22,127,25,22,44,10,32,27,22,25,22,27,23,25,22,25,44
476,123,46,128,53,54,141,53,151,141,53,151,46,151,46,53,46,53,53,122,6
480,3,29,29,61,4,29,6,3,29,3,7,7,29,29,7,29,29,7,29,29
482,51,53,137,52,49,51,53,51,136,129,51,100,51,136,51,52,51,52,52,51
500,24,68,24,24,40,24,3,24,24,30,24,40,70,20,62,24,70,68,24,24
515,101,58,101,58,58,101,58,101,101,58,101,58,101,58,101,101,101,58,101,101
526,138,52,122,151,149,23,17,5,17,3,5,6,121,129,17,49,123,138,17,5
527,55,23,127,18,61,69,23,128,47,150,53,61,128,17,46,46,128,14,47,47
529,62,24,67,43,36,37,24,62,24,67,62,36,62,36,62,24,65,150,24,62
531,151,151,122,151,151,124,53,128,122,122,54,52,124,124,122,122,142,124,122,122
533,86,86,87,86,87,87,86,86,86,87,87,86,86,87,87,86,86,86,86,86
540,89,89,89,146,89,89,89,94,89,89,89,89,85,89,89,89,89,89,89,89
567,51,1,52,9,52,14,52,53,51,145,145,17,45,60,52,1,1,9,52,52
569,65,62,3,65,24,62,3,62,66,66,20,24,60,62,66,62,3,62,65,24
570,49,4,49,49,4,61,4,49,49,49,49,20,49,50,49,54,3,4,49,49
589,64,21,3,23,108,3,5,3,21,72,3,21,3,21,22,121,3,21,51,17
598,32,57,57,100,57,12,100,100,5,17,100,33,32,100,100,57,100,32,100,5
603,15,145,15,16,16,15,15,15,15,15,15,14,15,16,15,15,15,16,15,15
604,43,3,41,3,3,41,3,41,40,36,41,30,41,3,41,3,40,3,40,41
605,31,31,39,39,2,31,31,39,31,31,31,0,39,0,39,70,31,39,31,31
607,43,2,43,43,16,41,2,41,43,38,41,2,41,2,43,42,41,42,43,41
614,8,27,8,32,52,8,51,8,8,8,48,30,48,27,48,27,48,32,8,28
615,50,4,29,29,4,29,50,29,29,29,50,50,29,29,29,29,29,29,4,29
617,49,3,3,3,3,51,67,3,3,3,3,30,3,145,51,3,3,3,3,21
619,51,52,52,54,54,54,54,52,52,52,53,52,51,54,52,54,53,52,52,52
623,103,3,103,103,3,103,103,103,103,103,103,30,103,3,103,3,103,103,103,103
628,62,3,62,62,16,62,145,62,62,62,62,3,62,3,62,3,63,145,62,62
629,62,3,62,65,65,62,5,62,62,64,62,62,62,62,63,62,62,35,5,64
630,62,62,62,62,68,62,62,62,62,62,62,30,62,24,62,68,62,62,64,64
634,39,62,39,70,24,65,35,2,31,64,37,70,64,24,31,62,2,65,37,37
635,62,65,62,62,36,36,0,62,62,36,62,67,62,62,62,62,62,62,62,62
639,73,15,73,15,144,99,73,73,73,99,73,30,73,144,73,30,99,15,73,73
643,116,5,116,20,17,116,5,116,116,26,5,5,5,59,116,5,119,20,115,116
645,106,73,106,73,106,106,73,106,106,106,106,105,106,73,106,73,106,106,73,106
653,114,106,113,113,11,113,101,113,19,113,19,101,113,15,113,101,19,113,19,19
661,52,51,4,122,122,52,53,52,52,122,52,53,50,49,52,51,52,53,52,52
664,52,52,129,17,4,126,12,51,49,17,17,17,17,136,52,149,52,17,52,51
673,16,35,43,145,27,145,145,5,5,5,5,30,65,63,5,145,5,30,5,5
681,4,4,49,4,4,49,51,49,3,49,49,29,49,29,49,29,49,4,49,49
694,30,0,64,64,26,108,26,3,30,3,64,26,64,26,64,64,70,64,108,17
695,40,68,64,30,36,40,36,31,24,64,24,30,24,30,40,30,64,68,24,24
706,29,62,29,62,67,3,63,29,63,63,63,67,63,62,63,63,29,62,63,63
715,43,38,43,38,38,43,118,43,43,38,129,38,43,38,38,38,43,72,43,43
727,52,121,121,50,50,121,50,50,121,50,121,67,121,51,121,50,121,50,49,49
729,52,29,4,29,51,4,29,51,4,4,4,29,4,29,52,29,4,50,51,4
749,72,108,43,108,108,108,108,109,69,108,108,108,72,108,108,108,108,108,56,72
762,55,55,55,55,55,55,55,55,55,55,55,55,55,55,55,55,110,55,55,55
768,116,116,115,116,115,115,115,116,115,116,116,116,115,115,116,116,115,116,115,115
775,127,122,46,124,46,46,122,124,122,141,46,13,141,46,46,122,46,124,6,151
776,108,69,125,38,62,108,36,24,24,108,108,108,108,45,108,24,125,62,108,108
779,19,72,19,69,100,19,72,19,43,19,19,72,118,72,19,105,19,56,118,19
793,40,38,40,40,38,41,38,40,40,40,40,115,125,41,40,41,125,41,36,36
798,1,1,2,52,44,140,100,1,1,1,1,1,1,1,1,1,0,52,1,1
802,10,8,48,48,48,10,8,10,10,10,10,28,8,8,10,8,10,28,10,10
813,66,20,66,66,103,22,66,66,20,66,20,3,20,66,66,20,152,22,66,66
817,24,72,150,150,40,24,150,24,150,24,24,24,150,38,24,24,150,150,150,150
821,8,28,8,28,28,8,28,8,8,8,28,8,8,28,8,28,8,28,8,8
831,118,0,40,37,36,38,43,24,118,36,40,40,36,43,40,0,36,43,24,36
834,40,24,40,62,68,40,36,40,118,36,40,108,36,40,40,36,118,31,40,36
836,72,72,72,72,72,72,72,72,72,72,72,118,72,118,72,72,72,43,43,72
838,47,36,47,38,104,24,108,45,45,108,45,108,70,27,47,64,47,40,45,70
841,48,8,48,9,100,28,126,48,48,48,48,28,28,9,28,9,28,100,48,28
842,151,49,4,151,122,71,6,7,137,151,53,6,7,46,63,6,7,46,50,7
855,62,68,36,62,68,36,36,36,36,36,36,62,36,68,36,68,36,68,125,36
857,5,0,38,43,0,38,36,41,5,64,64,5,64,64,64,64,5,64,40,64
858,62,65,70,65,40,118,5,65,65,62,70,64,67,65,65,62,67,65,65,62
859,22,59,22,59,59,20,59,59,59,22,22,59,59,20,66,66,22,59,59,59
862,139,42,147,138,42,69,12,69,1,69,12,58,1,42,12,108,12,12,1,69
864,29,151,71,151,142,29,71,29,71,71,29,71,29,136,71,71,71,151,29,29
866,55,55,55,55,55,55,55,55,55,55,73,55,55,99,55,55,73,55,55,73
885,117,24,19,72,19,19,72,19,19,117,19,39,19,69,19,69,117,40,19,19
889,4,4,4,4,4,4,4,4,4,4,4,54,4,54,7,4,4,4,5,5
891,122,122,122,122,124,46,122,124,122,124,122,53,124,124,124,122,46,124,122,122
892,0,39,129,59,40,43,36,0,0,129,0,21,125,38,0,37,125,24,0,0
900,113,17,113,17,117,113,117,113,113,17,113,17,113,118,113,117,113,117,140,113
905,35,42,35,42,42,42,42,35,35,2,2,33,145,42,2,33,145,42,145,35
911,18,102,102,42,126,42,42,129,102,116,42,72,129,102,129,18,102,42,102,42
913,29,29,50,50,50,29,29,50,29,29,50,50,29,4,29,29,29,29,29,4
919,9,68,10,68,68,72,68,72,10,25,9,68,10,69,25,68,9,68,10,9
924,144,18,144,15,18,144,18,144,144,15,144,139,144,18,13,18,144,18,144,144
927,18,47,102,42,42,102,109,102,102,102,102,109,18,42,102,102,102,1,102,102
929,61,61,61,61,61,61,61,61,61,66,66,61,61,60,20,61,61,61,61,61
933,48,9,25,9,48,8,9,48,48,48,25,9,25,9,48,9,48,48,9,48
934,39,0,26,39,39,39,39,39,38,39,39,70,26,31,39,37,26,39,38,39
936,28,8,25,10,8,8,8,48,48,10,28,9,8,8,8,8,48,8,28,48
948,43,45,41,43,19,38,118,41,41,41,5,43,64,118,38,43,38,118,38,41
949,38,56,72,72,72,38,72,43,43,115,41,72,72,113,72,72,38,72,38,38
950,17,149,5,149,149,43,149,43,17,17,17,149,5,17,115,5,115,149,17,41
953,1,45,1,47,1,1,47,35,45,1,1,47,1,1,1,28,1,47,1,1
956,44,27,44,69,72,53,72,9,44,105,53,69,44,72,44,27,48,27,44,44
957,54,4,54,4,4,54,54,54,54,4,4,4,4,54,54,4,54,54,4,49
959,138,50,121,52,51,66,50,51,121,71,29,29,50,49,50,4,71,54,49,29
968,60,61,60,61,61,61,60,61,61,60,61,61,60,61,61,60,60,60,60,61
976,69,69,69,53,34,56,12,56,51,48,69,69,69,9,69,34,69,53,69,69
978,70,125,13,34,13,47,13,18,62,47,47,145,47,145,47,13,18,144,47,47
996,120,120,120,120,12,120,113,113,120,105,120,113,120,120,105,120,120,120,120,120
1004,50,121,50,121,50,121,121,121,121,50,121,121,50,71,50,121,29,121,50,50
1006,57,111,33,139,55,25,143,139,149,111,139,143,111,114,28,143,111,61,64,32
1007,136,122,70,122,122,137,122,67,138,137,122,58,136,122,62,122,122,122,136,136
1008,56,69,56,56,129,69,56,109,56,56,69,8,72,56,56,9,69,56,56,72
1011,151,137,126,128,128,139,137,126,139,139,126,128,126,151,151,128,129,128,126,126
1014,136,126,126,128,49,137,53,137,126,136,137,136,136,151,137,151,136,136,137,136
1015,139,100,150,126,63,150,12,150,139,150,33,12,18,103,139,23,42,30,139,150
1017,127,47,60,6,46,127,141,127,127,60,6,6,60,61,6,58,141,16,60,60
1018,47,108,150,23,72,47,72,150,47,150,47,47,47,45,47,47,150,22,142,142
1022,17,140,64,140,149,42,140,17,17,17,17,140,64,140,17,149,17,140,17,17
1023,57,69,57,72,39,57,72,48,57,19,57,72,57,72,57,69,8,72,126,57
1025,78,146,78,78,78,78,91,78,78,78,93,77,78,78,132,91,78,78,78,90
1062,54,142,49,142,124,4,142,54,54,4,66,128,54,142,4,128,54,142,151,54
1067,9,66,52,129,142,44,128,9,44,66,153,126,10,126,9,10,52,126,9,52
1075,5,118,5,64,138,5,16,5,5,5,5,5,140,16,5,5,5,16,5,140
1076,13,150,18,150,142,13,154,13,13,13,102,147,145,150,13,150,13,14,145,47
1081,22,122,22,59,23,23,152,109,23,152,22,23,59,149,22,152,61,152,152,30
1082,104,56,64,125,34,108,125,104,70,100,70,69,24,56,108,69,47,68,24,45
1086,44,8,48,48,48,25,48,48,48,48,25,33,48,48,48,8,44,48,48,28
1094,36,65,5,5,136,36,5,64,36,5,5,5,64,5,64,65,64,5,36,64
1099,5,13,5,125,27,5,125,5,115,17,30,27,64,27,64,13,5,125,5,5
1105,125,150,150,138,150,47,102,47,125,18,150,102,47,47,150,36,47,147,150,61
1109,51,50,50,4,4,50,4,50,50,50,50,50,50,4,51,4,50,4,50,50
1110,51,4,50,4,54,49,4,49,49,49,49,49,49,4,49,52,49,4,49,49
1115,8,25,8,48,39,8,57,8,48,8,8,25,8,48,8,57,8,57,8,8
1119,60,30,60,30,29,116,30,59,116,63,59,30,30,29,61,63,7,30,21,21
1120,62,62,63,67,144,47,68,67,47,63,67,144,63,144,63,125,47,67,65,47
1121,71,29,63,49,29,29,50,63,63,29,29,29,29,71,29,29,29,29,29,29
1123,51,29,50,121,66,29,29,50,50,65,50,121,50,121,145,29,29,121,145,50
1127,69,101,65,15,101,71,11,71,69,71,150,101,69,114,70,11,65,11,70,68
1132,152,152,152,17,20,152,152,152,152,123,66,66,103,59,59,58,152,140,152,152
1143,143,143,143,55,143,143,106,143,143,143,143,110,143,143,110,143,143,55,110,55
1146,120,120,120,113,113,113,120,113,120,120,120,120,113,113,113,120,120,113,113,113
1149,150,39,116,39,115,116,116,116,26,117,116,116,115,116,140,26,26,115,115,113
1161,123,137,122,128,128,124,128,128,122,128,124,137,122,137,122,137,122,139,122,122
1162,140,126,140,126,126,139,126,140,126,139,140,126,140,126,139,126,140,126,139,140
1163,137,137,137,137,137,137,137,137,137,137,137,137,137,138,137,151,137,137,137,137
1165,137,126,151,126,137,137,147,137,137,137,137,137,137,147,137,126,137,126,137,137
1166,143,7,139,126,127,66,66,149,152,126,140,66,139,147,121,66,147,126,149,17
1169,151,122,151,46,46,141,122,126,141,137,141,122,128,122,142,142,128,142,122,142
1173,26,115,19,115,39,115,26,26,26,26,26,31,26,115,149,115,19,26,19,149
1174,154,57,108,33,33,28,57,48,48,105,153,57,100,57,129,33,108,33,57,28
1201,145,95,145,95,95,86,77,95,77,95,95,95,77,131,95,93,95,93,81,95
1210,148,95,79,148,76,86,74,74,76,87,148,76,74,74,79,74,148,74,86,86
1211,131,76,131,131,76,143,87,76,87,131,76,76,130,93,76,131,76,93,130,131
1229,148,135,76,74,148,76,148,74,74,135,76,79,76,148,76,74,79,135,76,74
1232,37,37,37,37,15,37,37,31,2,37,37,31,2,37,37,37,2,37,37,15
1235,16,65,5,118,118,21,118,14,30,5,5,118,16,5,63,67,63,5,5,16
1249,38,117,40,41,117,19,113,117,118,113,117,117,117,19,38,41,117,117,41,41
1252,59,60,61,22,22,61,66,61,152,152,59,22,22,66,59,59,61,22,61,61
1255,68,1,9,68,65,25,62,72,68,36,68,68,68,68,68,68,68,62,25,68
1263,47,47,47,58,47,33,47,47,47,33,47,102,33,47,33,47,33,47,33,33
1265,125,19,47,43,65,47,72,24,47,125,125,72,62,72,125,2,70,43,47,125
1271,43,24,43,38,38,43,118,43,43,118,43,118,43,118,43,36,43,43,43,43
1273,72,72,72,72,72,72,72,72,43,118,72,72,72,72,72,24,72,72,43,43
1278,25,28,10,48,9,25,28,25,10,48,48,28,25,48,48,28,48,44,25,25
1279,4,50,4,4,29,29,29,4,49,4,50,29,50,29,4,29,71,50,4,4
1281,29,136,121,136,138,121,136,121,121,121,50,63,121,136,121,121,121,63,121,121
1282,29,151,29,71,151,71,151,50,71,71,71,71,29,71,71,151,29,71,52,50
1293,65,102,65,47,63,47,102,63,47,65,65,102,62,47,65,47,63,102,47,70
1294,57,16,17,16,65,64,16,17,65,5,17,16,42,16,64,15,5,16,64,15
1299,70,39,26,70,72,39,72,39,70,70,70,69,70,69,70,19,70,69,64,70
1310,82,80,80,77,77,82,86,80,80,82,80,77,80,77,82,80,82,80,82,80
1326,78,77,77,77,94,77,132,98,98,77,98,77,77,77,98,77,109,132,77,77
1349,63,3,62,3,24,30,3,30,3,68,3,3,62,20,64,3,62,3,62,30
1351,122,124,122,122,122,124,53,122,122,124,124,124,122,122,124,122,122,122,122,122
1352,122,122,4,128,128,124,137,122,122,122,122,128,122,128,122,128,6,128,122,122
1364,137,71,151,71,137,71,137,151,71,137,151,128,71,71,137,151,71,137,137,151
1387,32,28,32,14,28,8,28,8,32,8,8,28,32,28,32,28,8,28,8,32
1402,7,3,7,7,6,7,7,7,7,23,23,3,7,7,7,3,64,3,7,7
1403,40,21,24,45,125,24,18,24,40,38,24,56,40,18,40,56,40,56,40,24
1407,8,8,8,28,63,8,63,8,8,8,8,14,28,14,8,13,8,13,8,8
1414,64,34,125,34,144,125,1,125,125,35,125,34,125,34,125,34,68,34,125,125
1419,40,36,41,35,0,43,40,41,41,41,41,62,40,0,41,36,41,64,40,41
1431,51,51,53,51,51,49,49,51,51,51,51,49,51,4,51,51,53,52,51,51
1447,64,36,36,36,62,36,36,38,38,36,36,36,36,36,64,36,62,36,36,36
1448,70,19,70,19,69,70,70,39,70,70,70,129,70,70,70,19,70,70,70,70
1470,115,116,115,115,149,115,115,115,115,115,115,149,115,116,115,149,115,115,115,115
1478,123,124,122,122,122,124,122,122,122,123,123,123,123,122,123,122,123,122,124,122
1479,36,62,36,36,36,36,36,36,36,125,36,36,36,36,64,64,36,36,36,36
1482,53,29,29,71,71,50,71,29,136,71,29,29,29,136,29,29,29,29,53,141
1497,76,76,76,76,88,90,86,76,76,76,90,76,76,76,90,76,90,76,86,146
1501,87,87,87,87,78,78,87,78,78,78,78,78,78,87,87,132,87,78,87,87
1505,80,83,80,83,96,80,83,80,80,80,80,80,80,80,80,80,80,83,82,80
1526,77,130,77,146,134,134,130,130,130,134,130,19,77,130,130,130,77,75,134,87
1532,67,70,67,67,70,67,70,67,67,67,37,70,37,67,67,67,67,70,67,37
1533,20,150,66,150,150,20,20,66,66,141,20,150,20,150,21,142,66,66,20,20
1534,49,4,4,4,4,54,4,52,4,4,4,54,4,4,49,4,49,4,49,49
1540,45,1,9,45,68,10,32,9,9,69,9,45,10,1,45,45,9,45,9,9
1556,38,116,38,115,99,116,32,38,38,99,26,116,38,9,38,116,26,72,38,26
1557,28,24,38,72,43,27,72,10,27,72,27,118,27,72,38,43,10,43,10,27
1558,9,1,68,47,103,28,28,9,48,1,10,47,25,32,28,47,48,103,9,9
1571,38,0,38,72,39,26,72,26,41,115,41,39,38,26,26,2,26,72,38,26
1575,69,45,3,45,50,3,45,68,109,45,68,30,69,45,45,45,45,45,68,69
1576,46,123,123,46,123,46,46,123,123,46,46,61,123,46,123,123,46,46,46,46
1578,25,10,25,10,10,25,9,25,25,25,25,8,25,51,25,10,25,10,25,25
1581,52,54,54,54,49,52,54,52,52,54,52,54,52,54,54,54,52,54,54,52
1582,9,1,9,52,72,28,52,48,48,28,28,1,9,32,48,52,9,51,9,52
1585,110,55,110,55,55,55,110,110,110,110,110,110,110,101,110,55,110,55,110,110
1606,102,102,102,102,33,101,102,102,102,101,102,111,102,102,101,102,101,139,102,102
1620,38,117,38,117,117,115,117,38,43,117,19,117,115,117,41,117,38,117,115,115
1627,137,123,123,123,123,151,123,123,123,123,122,123,122,151,123,123,122,151,123,123
1630,72,56,43,24,24,43,43,72,62,24,68,118,36,43,72,24,43,24,72,72
1644,144,70,144,2,45,73,144,144,144,144,144,67,144,144,144,67,144,144,144,144
1677,95,134,77,134,77,134,134,77,77,95,134,77,95,86,134,134,77,134,77,86
1683,3,3,116,3,50,37,3,67,37,16,116,3,37,69,37,3,21,69,21,116
1684,60,5,21,49,121,63,6,60,60,63,63,65,3,7,3,121,21,29,3,60
1685,49,71,49,54,142,54,54,54,49,54,54,49,49,54,7,54,54,49,49,49
1686,17,17,17,17,17,17,20,17,17,17,21,12,17,139,21,139,17,17,17,17
1690,28,126,9,28,1,147,141,147,56,28,28,28,9,59,126,28,109,28,9,28
1691,25,68,25,38,10,44,127,10,25,25,10,72,32,44,10,44,25,10,25,25
1705,19,39,31,31,39,2,140,31,31,19,118,129,19,16,41,19,19,31,19,31
1707,38,116,38,116,116,39,116,39,38,116,39,116,38,115,39,116,26,39,39,39
1709,48,8,48,48,28,8,8,48,48,48,28,8,28,48,48,8,48,8,8,48
1710,29,71,29,71,23,29,151,71,71,71,29,138,29,63,29,71,71,50,71,71
1712,31,39,2,39,39,31,39,37,37,31,19,39,19,31,37,39,37,39,37,19
1716,145,140,145,44,69,145,60,145,145,144,145,35,145,115,145,35,145,35,35,145
1720,73,39,39,27,149,39,149,38,26,38,39,129,39,149,39,39,26,39,39,26
1728,47,24,36,30,23,47,62,45,47,115,125,23,125,21,36,24,125,62,45,45
1732,42,42,51,42,51,17,12,52,44,42,44,12,52,150,51,12,44,35,52,44
1733,35,28,44,140,23,44,12,44,35,144,12,21,44,22,27,28,35,12,44,44
1734,151,54,52,54,54,52,54,137,52,49,52,137,52,6,151,54,52,151,52,54
1736,55,117,110,55,38,55,55,104,55,33,55,111,111,55,55,33,110,113,110,110
1743,63,65,63,63,72,62,141,62,63,63,63,5,63,150,63,65,63,63,63,62
1748,34,116,34,67,39,104,45,34,34,55,104,69,34,45,34,45,34,13,34,34
1749,62,60,62,20,22,69,30,21,68,70,70,60,63,22,63,59,68,62,63,70
1762,117,147,143,147,23,139,147,139,73,143,139,139,139,152,140,139,143,147,139,139
1767,111,111,111,2,70,111,117,110,110,55,111,111,111,55,111,111,110,70,55,110
1768,112,106,112,112,101,101,101,101,101,101,106,101,101,58,101,112,101,107,101,101
1770,55,143,106,143,34,55,55,55,55,114,110,110,114,110,114,55,110,55,110,114
1781,36,115,5,17,60,125,5,125,36,5,125,72,36,5,125,5,64,22,64,64
1784,71,142,142,151,54,71,142,142,71,128,71,52,71,150,126,126,71,126,71,71
1786,138,142,71,71,60,71,136,136,71,138,138,61,71,60,136,126,71,121,71,71
1788,72,138,68,138,138,72,59,72,72,138,72,138,68,118,72,138,68,140,72,72
1794,47,15,62,125,60,125,12,34,34,144,144,8,34,150,144,13,34,70,34,34
1797,33,18,33,34,69,13,150,13,13,18,33,18,13,150,13,150,24,34,13,13
1825,78,78,78,78,78,78,78,78,78,78,78,78,78,78,78,78,78,78,78,78
1832,36,30,36,68,3,24,68,24,24,36,36,3,125,68,40,30,24,30,36,36
1835,21,21,21,21,20,30,21,30,21,36,21,21,21,21,21,24,30,21,21,21
1841,10,10,10,9,10,10,10,10,10,10,10,10,10,10,25,9,10,10,10,10
1849,16,17,16,140,138,16,17,16,16,5,16,17,16,17,16,17,16,140,16,16
1851,117,37,19,129,21,117,129,117,117,116,117,129,117,2,117,37,117,19,117,117
1861,71,71,29,50,69,71,71,69,71,29,71,119,29,71,71,71,71,71,69,69
1873,40,31,40,31,40,41,5,40,40,40,24,36,24,24,40,24,40,40,24,24
1883,121,49,50,4,50,121,4,50,121,50,50,50,50,4,50,50,50,4,121,121
1897,47,34,47,34,47,47,47,47,47,47,47,47,47,47,47,47,47,144,47,47
1907,57,28,100,100,100,100,100,57,57,33,100,108,57,100,57,108,57,57,57,57
1926,104,112,119,119,119,119,112,119,104,119,119,112,104,119,119,119,119,119,119,104
1930,124,124,124,124,122,124,122,124,124,124,123,124,124,123,124,124,124,124,124,124
1931,123,123,46,124,46,124,122,46,123,124,46,123,123,123,46,122,46,124,46,123
1933,126,102,28,109,102,126,102,8,126,18,33,102,33,102,33,102,126,102,33,33
1936,129,19,129,129,129,19,129,19,129,19,140,140,129,19,129,129,19,19,19,19
1952,78,78,78,87,78,78,87,87,87,78,87,87,78,78,78,78,78,78,78,87
1962,131,86,87,87,87,131,87,87,87,87,87,86,87,87,87,87,131,76,87,87
1966,77,80,77,87,82,77,96,80,87,77,77,80,77,86,84,96,77,80,86,82
1976,93,131,93,93,93,93,86,93,131,93,131,93,93,93,93,93,93,93,131,131
1983,62,36,1,34,36,125,36,45,125,125,125,36,1,125,125,36,62,36,45,125
1988,30,24,3,36,38,30,3,30,3,30,30,21,30,3,30,67,30,3,3,30
1997,1,14,145,14,57,145,14,145,1,1,1,1,1,14,14,14,13,14,1,1
2000,50,121,121,121,66,121,121,121,121,49,50,121,121,121,121,121,121,121,121,121
2007,125,45,62,45,125,125,45,45,45,62,45,45,45,62,45,45,62,125,45,45
2009,39,0,39,31,117,39,0,39,39,26,39,0,39,0,39,39,39,0,38,39
2012,71,71,71,71,71,71,71,29,29,71,71,71,71,71,71,71,29,71,71,71
2023,36,36,40,40,40,24,40,40,41,24,125,36,24,40,64,36,24,36,40,40
2024,125,115,36,31,116,24,31,24,36,26,24,26,36,31,24,26,24,31,24,36
2036,53,141,53,141,46,141,141,46,53,141,46,141,122,141,46,46,46,141,46,46
2038,110,110,110,110,110,143,111,143,110,110,110,110,143,110,143,110,110,106,110,110
2040,28,69,33,69,19,47,69,28,28,33,33,72,33,56,33,69,33,69,28,33
2046,29,63,29,63,108,29,63,29,63,63,29,29,71,29,29,63,29,63,71,63
2048,47,32,47,25,68,150,57,45,45,28,47,56,47,10,47,57,13,36,47,47
2053,70,67,67,65,108,67,67,67,67,67,67,67,70,65,62,67,67,67,62,67
2079,3,3,52,50,49,71,50,3,50,3,29,49,50,50,3,50,3,3,50,50
2081,122,122,122,127,141,122,123,124,122,123,122,123,122,123,122,123,122,124,122,122
2082,124,46,53,46,46,10,46,124,10,122,127,46,141,46,10,46,46,127,10,53
2086,122,53,124,53,124,124,124,122,122,29,124,53,122,53,122,53,53,122,46,124
2088,126,126,137,151,137,136,137,137,137,126,137,126,137,126,151,126,137,137,137,151
2092,140,109,126,126,42,42,126,138,140,126,58,138,138,58,140,126,140,126,126,140
2095,110,111,110,19,8,55,19,55,55,143,55,111,55,33,110,143,55,143,143,110
2098,17,140,17,140,149,149,140,17,140,17,17,140,140,140,17,140,5,140,149,17
2101,87,78,87,78,78,87,87,87,87,87,87,78,78,78,78,78,78,87,78,78
2105,131,78,131,78,78,131,78,78,131,87,131,78,131,78,131,78,78,78,131,78
2108,148,131,80,80,131,80,131,80,82,32,81,131,80,82,81,93,81,93,80,96
2109,80,80,82,80,82,80,80,96,80,82,81,96,80,96,80,96,96,80,80,96
2112,75,75,75,75,94,75,75,84,85,130,75,81,75,75,75,81,85,75,75,75
2116,88,84,88,97,97,88,97,89,97,97,88,97,88,97,82,84,88,97,88,97
2135,9,10,9,1,25,9,1,9,9,28,9,45,9,45,1,10,1,63,1,1
2136,47,0,37,2,0,24,0,47,118,47,47,30,36,67,47,67,47,67,36,47
2137,21,127,5,32,127,23,127,5,5,116,21,127,3,32,21,32,21,127,5,21
2151,8,28,8,1,28,8,47,8,8,28,8,47,8,1,8,28,8,28,8,8
2171,37,2,2,37,31,2,2,2,2,2,2,37,2,2,2,0,2,2,2,2
2172,38,21,41,21,38,38,38,38,41,40,41,21,41,24,41,21,41,21,41,41
2183,49,128,66,128,6,142,6,61,142,142,142,142,3,142,51,128,60,128,51,50
2186,49,147,48,60,147,8,147,8,147,154,153,12,48,147,153,60,48,149,4,61
2187,59,59,152,61,66,66,61,152,20,147,152,147,152,61,59,59,66,66,152,59
2207,111,55,73,101,101,143,111,143,139,111,73,101,111,143,111,106,73,55,111,111
2208,107,73,107,106,107,107,107,99,107,107,107,107,106,99,107,107,107,99,73,99
2213,119,104,119,99,73,119,73,119,119,73,73,99,104,73,104,99,119,73,104,104
2227,118,40,43,43,38,118,43,43,118,118,40,36,43,43,118,0,118,43,43,118
2232,124,128,123,122,122,124,123,124,124,124,124,124,124,122,124,122,122,46,124,122
2237,124,53,124,49,49,124,53,124,124,124,4,151,46,50,50,49,53,49,124,122
2249,149,19,140,140,140,129,140,113,113,149,113,19,113,140,17,149,113,149,149,140
2258,49,6,51,6,54,123,122,54,4,6,54,6,54,52,7,6,54,6,54,54
2259,7,7,54,6,54,49,6,7,54,4,7,4,54,4,7,4,7,6,54,54
2272,63,20,66,121,66,63,17,66,66,20,121,23,20,20,3,66,66,66,20,20
2277,3,60,3,24,22,25,141,68,3,27,72,60,3,24,3,60,3,60,3,3
2278,100,150,100,31,46,100,150,38,100,39,39,56,57,44,39,150,39,150,39,100
2281,29,4,4,4,4,4,4,4,4,29,4,29,29,4,29,29,4,29,4,4
2283,24,24,24,64,0,24,41,24,24,24,24,36,31,41,24,0,31,24,24,24
2287,14,145,14,145,6,14,16,14,145,14,145,63,14,14,14,145,14,14,14,145
2289,2,70,2,70,24,37,24,2,37,37,2,36,2,70,2,70,2,70,2,2
2295,40,36,41,36,38,41,36,41,43,40,36,40,41,40,40,40,40,43,40,41
2301,50,49,49,52,49,54,49,49,49,49,29,49,50,49,50,49,51,51,50,50
2303,50,4,50,50,142,29,49,50,51,50,50,52,29,49,50,52,51,29,29,50
2304,49,50,49,50,49,49,49,50,51,50,29,49,50,49,50,50,50,50,51,50
2305,50,53,50,51,50,49,136,50,52,51,50,121,50,71,51,51,53,51,50,51
2312,66,66,61,66,66,66,66,66,66,22,61,61,20,20,66,66,66,66,7,20
2325,117,55,117,110,73,117,110,117,117,73,117,111,117,110,117,110,117,110,117,117
2326,120,73,99,73,16,73,73,120,107,73,120,73,120,73,73,73,120,73,99,120
2348,61,127,61,61,6,20,127,66,22,141,60,141,7,142,7,127,66,61,66,20
2350,124,122,122,4,4,124,121,122,66,122,141,52,142,122,124,4,122,4,29,152
2352,36,39,36,31,0,64,36,125,64,18,36,31,64,40,36,41,64,40,36,36
2368,25,36,24,125,121,150,125,36,36,27,36,27,36,125,150,41,24,125,150,125
2376,96,96,96,96,96,82,96,80,96,96,96,96,96,96,96,96,96,96,96,96
2389,93,93,131,76,131,131,93,93,93,131,93,93,93,93,93,93,93,93,131,131
2403,135,135,76,148,87,76,148,76,76,86,76,93,76,148,76,87,148,148,76,148
2416,78,93,78,93,131,131,131,78,131,78,78,131,131,93,78,93,78,93,78,78
2425,96,80,96,80,96,80,96,80,80,80,96,80,96,83,80,80,80,80,80,96
2437,18,8,111,57,57,47,28,25,25,57,28,57,47,28,11,25,47,28,25,28
2441,3,49,3,6,6,66,6,66,3,17,5,7,5,17,121,3,3,6,3,3
2449,34,34,34,34,14,13,35,34,34,34,13,14,34,35,13,34,34,14,34,34
2451,13,15,15,13,13,13,15,34,13,13,144,13,15,15,13,13,13,15,13,34
2452,145,1,14,16,1,14,16,14,16,16,145,14,145,145,14,16,14,14,145,14
2453,51,32,3,100,100,153,100,153,153,35,51,32,72,100,3,100,5,100,150,129
2473,2,2,2,37,42,37,42,2,2,37,2,42,2,42,2,2,2,35,2,2
2475,116,39,116,38,39,116,38,116,39,117,116,39,39,0,39,39,116,38,116,116
2476,40,44,41,40,0,41,31,41,41,36,40,36,41,41,40,36,41,24,41,40
2487,52,52,52,52,49,49,49,49,4,4,49,49,49,49,52,71,52,52,52,4
2498,62,62,65,36,62,63,62,63,65,64,62,36,62,36,65,36,65,62,62,65
2499,65,64,62,62,62,125,65,62,62,64,62,0,62,62,62,62,65,62,62,64
2502,150,66,121,142,23,61,138,66,150,142,150,66,142,142,66,142,142,142,142,142
2511,100,100,32,100,100,32,32,32,32,32,100,100,32,100,32,100,32,100,32,100
2532,50,50,50,50,50,51,50,50,49,50,50,50,50,50,50,50,50,50,49,50
2535,123,124,123,53,124,123,141,123,123,124,123,124,123,141,124,124,53,53,123,123
2537,138,42,58,140,138,138,138,138,138,138,138,42,138,138,138,42,138,42,138,138
2539,129,122,151,123,123,142,122,151,122,123,122,122,151,123,123,122,126,122,122,128
2551,19,113,140,115,140,129,140,129,113,140,113,140,129,140,129,140,113,140,140,140
2559,74,74,74,74,134,74,89,79,74,148,74,86,76,74,74,148,79,74,74,79
2572,93,93,131,148,131,131,95,131,93,93,131,95,93,93,93,93,148,131,148,131
2579,78,78,131,131,78,78,131,78,78,131,78,78,78,78,78,78,78,131,78,78
2586,64,64,125,0,26,125,24,64,125,125,24,67,64,41,0,40,64,0,0,125
2589,69,3,21,69,136,3,121,3,3,3,69,63,3,121,21,121,3,3,3,21
2603,5,150,5,17,154,5,17,5,5,5,5,145,17,17,5,145,5,17,5,17
2608,61,20,61,22,60,32,22,61,61,66,61,60,20,61,22,20,61,20,7,61
2617,24,36,118,62,36,24,36,43,24,40,24,24,24,36,31,62,24,62,24,24
2622,36,47,18,47,57,125,47,36,125,34,125,34,125,13,125,144,18,144,125,125
2624,41,125,8,68,125,41,68,40,25,125,36,47,8,125,36,125,41,68,8,8
2626,24,125,33,40,27,125,125,36,47,8,125,108,36,38,125,125,125,68,47,125
2646,60,30,20,22,63,20,30,20,20,32,20,30,60,22,20,30,60,22,21,21
2648,13,34,13,144,34,13,144,13,13,13,13,144,125,144,13,14,13,144,34,13
2650,64,70,18,18,62,18,36,36,64,18,24,40,64,40,64,125,125,67,64,18
2651,14,125,14,34,125,14,125,14,14,14,14,34,14,108,14,14,14,35,14,14
2657,71,138,68,65,142,71,12,68,68,68,68,69,71,68,142,138,69,69,68,71
2659,11,57,11,57,73,11,57,11,11,73,11,150,11,40,11,154,11,57,11,11
2661,126,137,137,126,122,137,137,137,137,137,137,137,137,137,137,137,137,137,137,126
2669,137,53,137,151,53,137,151,137,136,126,137,124,137,137,136,7,136,151,126,137
2678,35,56,35,145,3,35,145,35,35,145,35,56,35,39,35,44,35,150,35,35
2679,140,140,140,140,149,129,140,140,140,143,140,120,140,140,129,140,129,120,140,140
2687,63,45,63,45,68,60,1,63,5,60,121,32,3,45,5,125,63,24,3,63
2689,136,49,137,52,49,3,54,137,49,66,66,49,49,121,121,7,66,4,137,7
2695,16,14,5,139,16,14,139,14,5,58,5,42,58,139,14,139,145,139,16,13
2699,121,5,66,17,121,66,20,17,17,66,20,60,5,60,59,20,17,17,5,5
2708,26,154,129,129,126,39,129,116,39,153,26,69,129,145,129,154,26,129,39,129
2710,43,24,43,21,23,28,21,125,43,43,43,47,43,45,125,108,43,43,43,28
2712,64,14,64,21,25,14,32,64,5,64,30,14,64,30,5,14,64,32,63,14
2715,18,47,18,47,144,47,47,33,33,18,18,47,150,47,64,47,8,47,150,150
2717,14,14,35,14,63,14,14,14,145,14,14,14,45,14,14,14,14,57,14,145
2719,47,3,70,3,3,125,3,47,67,67,24,30,70,3,24,3,37,3,70,70
2723,40,68,40,38,72,41,38,41,41,36,36,0,41,43,40,115,41,39,40,40
2725,38,38,38,43,38,38,43,38,41,40,36,24,38,72,41,38,43,72,38,41
2727,45,45,36,45,45,125,45,125,125,24,125,3,125,27,36,45,125,45,45,125
2728,124,123,123,123,123,141,123,123,123,124,123,123,124,124,123,123,123,123,123,123
2731,50,50,49,50,50,50,50,50,49,50,50,50,50,50,121,50,50,50,50,50
2735,9,127,9,9,10,9,9,9,9,9,44,100,9,127,9,127,9,9,9,10
2744,24,39,62,39,39,24,38,36,24,68,24,31,70,38,24,39,67,150,62,24
2745,62,65,62,64,0,36,35,62,62,62,62,65,62,15,62,65,62,24,62,62
2747,64,65,14,15,16,14,16,14,64,31,64,16,64,16,64,15,64,15,14,15
2749,62,62,62,27,27,62,67,62,62,67,62,27,62,62,62,64,62,62,36,62
2757,137,137,137,126,137,137,137,137,137,137,137,138,137,137,137,137,137,137,137,137
2759,124,123,123,124,124,124,123,123,123,124,123,53,124,46,53,123,123,122,123,124
2763,136,142,136,71,71,137,71,151,136,71,136,71,128,128,151,71,128,71,151,151
2765,126,141,137,141,124,137,141,137,137,137,137,141,151,141,126,141,151,137,151,151
2774,16,34,15,35,65,16,35,5,35,16,11,145,16,11,16,145,35,12,35,35
2777,123,138,138,138,124,151,138,151,123,138,126,138,138,138,138,138,138,138,123,136
2794,116,12,115,150,154,116,57,116,116,40,116,12,116,52,116,11,56,150,3,116
2796,40,38,111,55,18,110,55,111,111,55,55,55,33,55,55,55,111,55,111,33
2800,132,132,132,132,93,93,132,90,87,86,132,131,132,91,132,90,132,90,132,90
2808,82,92,96,96,82,82,96,96,81,82,96,96,96,92,82,82,82,83,96,96
2837,49,123,49,60,46,4,61,4,49,49,52,141,4,6,51,123,52,151,61,4
2838,1,141,52,60,141,46,141,127,6,5,46,141,141,51,17,141,141,141,5,125
2839,66,22,66,60,22,66,141,63,141,7,7,22,66,22,66,22,141,22,7,7
2841,48,51,25,8,28,10,8,10,25,8,25,127,9,1,8,51,25,28,10,25
2848,15,15,15,145,13,144,14,144,144,13,144,145,16,16,144,145,16,145,144,16
2853,61,20,66,66,61,20,66,66,66,66,20,61,20,61,20,20,66,20,66,66
2858,10,127,10,127,127,10,127,10,10,38,10,127,10,25,25,32,10,127,10,10
2871,3,68,30,24,44,30,3,30,5,32,30,24,3,36,30,68,30,68,64,3
2873,38,125,41,62,62,65,62,38,38,36,64,0,38,62,64,62,62,62,36,36
2874,38,64,38,64,62,38,36,38,38,64,38,0,38,64,64,36,38,64,38,38
2878,45,1,45,1,1,47,1,14,45,35,145,145,144,1,125,1,45,1,125,125
2879,46,124,123,141,123,46,141,123,123,124,123,54,53,141,46,124,53,7,141,124
2880,70,34,47,34,34,34,125,34,62,34,47,34,47,34,34,34,34,34,47,47
2883,49,50,49,50,49,50,121,49,121,49,49,50,50,50,49,50,49,49,50,50
2884,52,121,52,121,51,52,17,52,52,121,51,3,52,3,51,116,52,3,52,52
2895,41,24,64,38,3,125,64,41,40,64,64,24,64,64,40,38,19,64,41,64
2902,56,112,56,69,12,56,12,56,56,69,56,104,56,56,69,112,69,69,56,56
2907,5,125,121,43,103,65,43,5,138,5,5,24,5,47,5,43,5,43,5,65
2909,122,123,122,123,123,123,123,6,123,123,46,123,122,123,53,123,122,123,6,53
2910,53,53,53,53,53,53,53,53,53,53,123,53,53,53,53,53,53,53,53,53
2911,45,125,125,45,45,125,45,125,45,125,45,45,45,27,45,45,45,125,125,45
2914,122,46,46,53,123,124,46,122,141,124,122,122,122,53,71,127,46,122,46,122
2928,53,53,53,53,53,53,53,151,53,151,54,53,53,53,54,53,54,53,54,49
2949,104,112,112,104,108,104,112,112,112,104,112,104,112,112,119,112,112,104,112,112
2950,105,105,105,105,113,105,105,105,120,105,105,105,120,105,105,113,105,138,105,105
2957,82,80,82,80,96,82,82,82,96,82,96,80,82,82,80,90,90,80,80,82
2970,132,132,93,132,132,132,132,132,132,132,132,91,132,91,132,132,132,132,132,91
2978,90,132,90,132,90,90,86,132,132,90,86,86,90,86,140,87,90,132,90,90
2979,74,133,146,130,130,89,130,74,133,76,76,89,130,130,139,76,130,79,133,130
2987,51,6,6,6,22,6,6,3,51,6,6,7,6,6,6,6,6,6,6,29
2988,52,6,4,49,49,52,54,49,52,6,52,49,52,49,51,49,4,52,52,11
2999,14,13,14,13,13,14,14,14,16,13,14,14,13,14,13,13,14,13,13,14
3009,25,30,10,30,50,10,3,10,10,25,127,30,10,20,10,30,10,30,10,127
3021,67,34,67,34,43,67,43,37,67,37,2,36,2,37,67,34,2,34,37,37
3024,40,62,41,62,62,38,36,38,38,36,40,62,40,62,40,62,40,62,40,38
3025,38,36,17,36,36,38,36,38,38,5,5,36,38,43,38,36,5,36,5,38
3030,4,4,46,7,46,7,54,46,46,4,6,61,7,7,7,54,4,7,7,4
3036,6,7,54,6,49,54,6,54,54,49,6,60,49,4,54,7,49,6,52,49
3041,33,57,33,57,57,33,57,33,33,33,33,32,33,32,33,57,33,57,33,33
3060,141,53,53,123,123,123,122,53,53,124,123,124,123,123,46,123,124,123,6,53
3065,150,127,122,127,127,9,127,1,52,52,127,127,53,127,127,127,122,127,122,12
3081,5,100,100,100,100,5,100,17,5,5,5,100,17,100,57,100,5,100,100,5
3109,85,89,85,85,89,85,89,89,89,88,88,75,89,75,89,75,85,88,89,89
3114,86,86,148,74,82,131,148,148,86,82,82,82,86,86,86,131,86,74,148,97
3133,89,88,89,88,88,130,89,85,88,89,133,88,95,75,89,88,88,88,95,95
3134,92,82,148,95,97,81,148,81,134,82,134,79,146,92,82,81,82,81,148,134
3135,59,29,65,141,0,21,60,60,60,64,4,65,36,71,100,141,54,61,99,64
3136,64,27,141,56,9,61,20,66,109,64,50,27,64,109,57,57,124,127,59,32
3137,32,103,100,59,53,60,69,59,103,99,99,119,61,59,27,59,109,59,63,100
3138,36,100,147,129,100,100,142,112,100,45,36,30,100,41,103,69,31,150,5,64
3139,50,109,141,89,111,29,127,54,54,69,7,53,7,129,7,109,54,105,57,58
3140,120,33,111,57,23,108,33,107,105,58,107,33,108,27,58,102,112,57,58,33
3142,33,104,103,108,112,59,108,109,23,59,47,102,58,144,47,118,23,104,111,150
3143,18,15,12,15,100,18,69,48,57,144,33,48,8,33,8,11,42,150,48,57
3144,58,100,100,152,142,60,60,54,6,23,46,29,100,126,64,11,57,141,46,58
3145,103,109,123,48,114,50,69,109,99,103,100,50,60,126,50,114,27,69,54,109
3146,139,48,150,48,112,139,44,79,150,18,57,48,130,99,57,79,57,129,44,57
3147,57,48,44,15,47,151,69,44,44,139,44,48,48,109,44,57,44,18,44,44
3148,32,27,57,35,32,64,99,57,150,33,27,149,47,103,33,32,57,57,147,100
3151,33,38,57,125,39,33,125,33,33,33,33,13,47,33,33,102,57,57,35,24
3152,18,41,149,12,99,118,100,118,18,118,36,12,108,100,118,102,41,109,32,100
3153,118,115,118,149,99,110,31,105,117,118,118,31,118,31,118,115,118,31,118,19
3154,111,119,143,117,95,114,113,104,104,102,104,101,55,31,111,129,112,113,99,113
3155,150,150,33,67,64,33,139,150,150,36,59,149,108,150,150,143,33,150,42,37
3156,103,118,103,99,103,118,64,36,109,64,103,109,64,100,103,99,118,109,64,41
3157,18,29,36,73,64,150,13,18,144,144,18,15,34,145,118,102,144,139,24,34
3159,64,149,36,100,59,60,63,60,36,63,64,20,64,23,64,118,57,109,64,69
3160,18,33,8,57,42,8,57,33,33,18,47,33,18,33,33,57,33,42,44,33
3161,19,115,114,19,19,117,113,114,19,113,114,120,19,113,111,113,117,113,19,143
3162,18,18,64,33,36,36,0,18,18,18,14,13,18,42,13,144,18,18,64,33
3163,36,15,36,67,47,0,67,18,150,18,150,67,64,41,150,150,36,125,36,64
3164,18,38,36,57,42,33,57,33,33,33,33,125,47,57,47,57,18,47,36,47
3166,64,149,36,44,99,64,69,65,63,64,64,118,64,41,31,18,64,18,64,64
3167,151,48,122,110,69,151,112,44,44,127,32,124,100,57,151,48,32,110,48,44
3168,18,18,18,44,44,144,41,18,18,18,18,27,18,31,144,64,13,18,47,18
3169,149,36,124,62,69,69,122,149,141,147,149,67,138,62,68,142,151,141,12,36
3170,102,102,108,67,24,47,118,109,102,109,102,70,102,47,102,118,109,118,70,21
3172,19,95,125,95,95,118,69,95,118,64,118,67,36,117,118,95,112,117,36,64
3173,118,149,64,109,100,64,59,36,109,118,36,30,64,56,100,100,36,109,36,64
3174,115,119,115,26,111,115,26,115,119,115,26,115,115,119,115,119,116,115,113,129
3175,118,118,143,64,14,18,64,18,114,31,118,118,64,120,139,102,18,35,106,143
3176,113,117,117,117,117,117,117,113,117,117,117,26,117,117,117,99,117,117,115,104
3177,100,130,36,130,112,64,114,130,150,102,57,119,57,41,64,99,57,18,36,64
3178,64,118,36,125,60,36,125,65,36,67,47,124,65,34,36,11,14,125,114,64
3180,36,41,125,41,42,36,1,36,36,36,36,40,36,27,36,100,33,57,38,36
3181,103,112,43,11,3,103,11,36,60,50,50,149,7,121,60,121,103,12,58,107
3182,18,118,150,95,69,151,69,18,150,102,33,109,48,97,8,95,102,57,18,47
3183,18,33,18,44,64,125,44,18,18,18,33,33,18,33,150,57,144,44,0,33
3184,48,109,69,48,126,143,48,69,100,69,100,124,127,137,57,114,49,69,59,102
3186,18,18,33,95,28,150,122,18,150,18,18,48,125,150,18,15,150,18,33,47
3187,64,126,29,54,7,60,138,109,23,72,152,137,72,126,108,7,7,129,136,68
3188,103,138,69,124,123,69,48,69,123,123,50,124,54,124,103,124,123,124,152,50
3189,46,103,141,103,112,46,127,123,103,60,50,124,50,30,46,109,54,69,59,32
3190,38,45,43,33,19,38,45,72,72,30,38,32,72,65,23,45,72,28,41,115
3191,56,127,112,99,106,140,99,54,56,99,56,120,56,99,56,99,39,114,113,39
3192,28,130,33,27,100,8,10,8,8,47,33,34,47,9,47,19,47,42,28,47
3193,118,19,118,129,107,107,16,118,99,115,107,15,43,107,117,61,118,61,5,0
3194,69,41,100,127,56,18,57,15,18,102,14,18,64,100,57,102,33,57,64,64
3195,59,100,143,53,56,149,122,36,143,59,58,27,108,54,143,42,57,127,100,33
3196,103,58,100,64,124,109,57,100,103,103,69,124,100,100,100,57,103,124,109,100
3197,36,41,36,36,41,64,41,64,118,18,40,27,64,41,64,39,149,41,64,64
3200,104,149,143,113,99,114,99,106,143,104,99,31,18,41,143,99,112,104,109,56
3202,15,69,125,114,127,125,53,36,69,36,125,109,36,150,147,109,150,124,99,117
3203,150,100,11,12,64,64,18,149,150,150,41,67,42,57,150,11,42,12,12,58
3204,39,12,39,41,112,116,69,146,39,115,41,41,39,41,39,149,39,149,39,39
3205,73,29,113,65,31,113,149,105,73,31,31,107,31,37,106,105,110,61,113,2
3206,11,145,65,70,0,125,65,125,68,65,14,65,72,65,150,63,34,61,68,65
3207,100,18,57,41,33,56,69,36,48,18,57,48,64,150,149,40,18,11,100,32
3209,101,112,112,11,99,99,118,99,73,104,104,15,112,107,104,99,99,12,106,99
3210,58,153,64,12,12,64,12,36,64,18,33,64,18,15,58,12,33,152,59,36
3212,50,16,60,100,60,46,11,50,99,103,139,20,7,107,54,14,49,60,58,58
3215,56,18,57,64,122,69,122,56,46,47,33,21,57,47,56,56,47,6,109,32
3216,151,127,123,124,53,54,53,123,123,69,124,127,123,124,50,124,123,53,54,46
3217,142,11,142,142,126,126,142,126,126,126,126,126,128,126,126,126,151,142,126,142
3218,31,126,43,151,126,127,123,148,39,48,127,4,64,123,41,123,123,137,101,23
3219,28,109,150,61,20,8,56,42,150,68,102,10,22,71,108,133,103,61,109,58
3222,69,95,28,93,54,54,54,54,54,54,50,124,127,124,103,132,54,127,123,123
3226,103,61,17,49,66,61,152,5,17,63,23,29,21,152,152,29,17,152,60,59
3228,125,99,64,95,69,36,69,36,36,118,36,30,64,99,18,41,36,64,118,64
3229,65,72,5,65,0,31,36,65,36,64,125,65,62,49,24,140,138,61,43,43
3230,47,125,18,144,13,18,15,18,18,18,47,18,18,127,47,14,13,14,47,47
3231,19,99,114,99,105,114,99,114,113,110,114,124,39,100,114,112,117,100,18,102
3232,129,58,123,100,53,139,53,48,151,69,124,124,48,124,149,113,52,53,127,11
3234,123,60,123,151,124,52,4,52,54,151,4,0,52,129,142,4,122,71,138,54
3235,138,0,64,67,0,64,64,57,36,64,69,43,64,114,64,11,125,64,64,64
3236,112,40,99,12,0,99,12,99,99,119,106,149,113,11,119,149,99,43,110,99
3238,99,100,109,11,100,61,11,50,99,59,41,149,60,99,7,99,108,63,149,109
3239,72,113,118,11,99,26,149,149,72,115,41,129,38,69,149,105,38,61,140,43
3240,143,110,143,114,11,110,110,110,110,99,143,140,110,11,101,111,110,120,110,143
3241,18,144,57,11,64,125,18,18,33,118,18,13,18,18,33,102,150,129,47,18
3242,41,113,39,119,117,118,117,118,118,113,41,26,129,119,118,113,26,113,43,43
3243,129,19,112,19,7,113,64,149,113,115,41,46,39,0,115,17,117,19,114,39
3244,11,12,143,11,11,114,71,114,73,99,11,15,139,114,111,11,139,60,73,101
3245,140,109,140,11,0,117,64,140,140,115,140,43,140,138,140,12,140,137,140,117
3246,143,103,110,120,45,113,66,102,114,138,102,99,103,73,113,127,108,66,144,107
3247,5,59,149,66,68,149,7,140,140,31,149,149,39,66,149,69,117,61,140,129
3248,149,6,149,141,18,116,68,116,117,65,116,61,115,140,149,71,104,61,140,129
3249,12,129,21,11,14,113,16,39,60,64,21,140,31,4,101,99,21,35,56,19
3250,18,48,149,127,56,36,44,57,149,18,57,57,58,12,57,48,114,57,129,5
3251,112,0,145,65,68,11,68,14,11,67,58,61,32,142,58,140,57,65,17,48
3252,151,138,61,11,68,21,5,100,21,68,32,140,100,11,12,29,103,66,66,23
3253,93,135,98,82,93,82,88,93,131,93,130,78,83,131,148,78,74,135,130,131
3254,89,94,76,93,85,88,94,76,85,94,76,146,76,133,92,89,76,133,77,146
3255,95,130,132,146,146,132,77,87,76,131,130,146,132,132,132,93,132,146,95,130
3256,130,130,130,130,134,146,146,130,77,146,130,84,130,146,130,79,130,146,130,77
3257,92,92,146,92,133,146,97,78,78,95,146,97,95,95,146,148,77,91,79,85
3258,130,95,89,75,84,93,94,89,132,146,85,74,74,95,86,88,75,130,89,95
3259,146,98,146,80,148,86,148,74,86,98,86,148,98,95,98,89,146,97,91,85
3260,76,146,98,146,77,78,77,95,77,77,77,78,95,146,146,82,98,146,85,85
3261,87,95,79,95,95,133,133,95,133,132,133,95,131,132,95,95,76,95,78,79
3262,78,96,98,85,135,83,81,78,74,83,82,148,78,83,78,83,79,148,98,74
3263,93,83,83,85,94,83,90,90,74,132,98,88,132,84,95,85,79,90,86,80
3264,95,95,95,95,95,95,133,95,79,95,95,95,95,133,95,131,95,146,89,133
3267,94,77,148,94,94,94,92,94,97,94,88,92,88,50,148,81,133,88,131,97
3268,99,137,147,130,137,69,69,56,109,143,46,124,147,126,56,69,21,69,61,20
3269,74,79,93,131,85,131,74,90,90,93,91,78,131,93,93,131,132,74,93,95
3270,76,92,86,92,135,135,79,91,131,87,93,79,76,146,80,91,79,130,74,146
3273,135,132,97,98,78,131,88,135,148,135,78,78,131,132,93,87,131,91,79,131
3274,133,93,133,130,82,130,146,89,89,85,146,130,95,133,95,74,95,79,130,130
3277,86,92,79,81,135,80,92,95,130,148,95,81,95,133,91,92,91,97,81,95
3281,7,123,61,123,54,141,123,122,121,123,112,53,22,123,127,4,127,137,36,7
3282,97,135,94,82,134,98,133,81,130,148,75,98,94,81,79,89,94,97,89,95
3283,148,86,86,146,93,82,146,90,76,131,130,132,146,130,130,132,79,86,96,93
3284,77,77,77,81,135,95,81,130,130,89,130,90,77,81,77,81,77,133,133,130
3285,88,88,133,75,135,86,88,88,86,94,88,88,133,133,76,90,133,133,146,146
3288,31,15,31,2,150,2,37,31,31,150,2,16,31,31,34,2,31,2,2,150
3289,21,103,17,32,20,17,103,3,17,3,17,59,3,21,17,20,17,30,17,3
3303,30,103,30,32,20,30,5,30,30,30,30,21,30,21,30,2,30,21,30,30
3315,6,53,4,29,124,13,53,6,141,71,4,124,4,122,4,53,6,122,29,4
3324,36,62,36,68,36,36,68,36,36,36,36,62,36,62,36,68,36,68,36,36
3327,40,62,40,62,36,41,36,24,40,125,24,62,24,62,40,62,24,62,40,40
3331,25,43,9,72,108,10,72,10,9,68,10,24,10,108,10,43,9,56,10,9
3335,54,54,7,54,4,7,54,7,54,54,7,53,54,54,49,54,7,54,4,54
3336,46,124,4,54,46,4,54,7,7,124,46,54,124,49,46,124,46,124,4,46
3338,127,122,46,124,46,127,122,10,127,124,46,122,1,122,122,127,127,122,127,46
3339,53,46,46,46,46,46,46,46,1,53,1,53,51,46,46,46,46,46,53,46
3348,3,30,62,30,32,30,32,63,63,103,63,3,63,21,64,32,62,30,63,63
3351,13,102,62,145,63,63,145,65,13,13,63,14,62,13,13,14,63,13,65,13
3352,20,22,20,20,22,60,22,20,20,22,20,60,20,22,20,20,20,121,66,20
3354,36,36,43,125,36,40,125,38,38,36,41,24,68,36,40,24,125,36,38,40
3356,24,24,40,0,3,24,3,43,43,36,24,30,24,41,41,24,67,24,24,37
3357,29,3,63,63,3,29,3,63,63,21,3,3,63,66,63,63,63,3,121,3
3358,68,68,129,72,68,43,10,129,72,68,68,72,68,28,129,68,129,68,5,38
3361,123,124,122,124,122,124,123,122,122,124,124,123,124,122,122,122,124,124,124,123
3362,127,123,124,122,123,46,123,28,124,124,46,46,10,123,122,124,46,122,46,46
3366,109,109,109,109,109,109,102,109,109,109,109,109,109,109,109,109,109,109,109,107
3371,6,6,4,6,6,25,6,4,6,6,6,6,4,7,46,6,6,6,25,125
3372,57,72,72,19,105,28,72,48,48,32,8,129,12,39,8,33,9,39,48,8
3375,138,136,138,136,108,136,136,138,138,138,138,136,138,136,138,136,136,136,136,136
3377,129,1,154,56,1,142,21,125,129,149,52,68,44,1,129,32,1,1,52,52
3379,151,124,123,123,124,123,141,127,123,127,46,123,124,141,126,53,151,151,123,123
3381,106,106,106,106,106,143,106,106,106,106,106,106,143,106,106,106,106,106,106,106
3387,73,56,73,73,107,110,107,107,73,73,12,107,73,73,143,107,73,73,143,104
3389,110,122,150,7,122,55,137,114,55,101,143,123,101,0,55,123,55,112,111,149
3393,73,111,139,99,99,72,56,150,72,64,60,7,69,20,139,29,30,99,139,12
3397,114,111,101,111,111,101,111,143,101,111,110,143,143,111,143,111,143,111,143,143
3398,115,104,116,116,116,113,116,116,116,116,115,116,116,116,116,104,116,116,19,119
3403,110,99,110,99,99,25,99,149,73,55,55,99,55,99,110,99,73,99,25,27
3406,77,77,74,76,87,77,77,77,77,86,76,77,76,87,77,77,77,76,77,77
3412,80,80,81,80,96,80,80,80,80,83,81,80,80,80,81,80,80,80,80,80
3418,95,84,95,84,85,85,85,85,75,95,95,85,95,85,95,75,95,85,95,75
3439,15,16,117,16,16,15,16,15,2,5,15,17,15,17,15,16,2,16,15,15
3441,51,54,50,53,52,29,51,49,4,4,54,49,49,51,50,124,29,49,54,29
3442,3,20,20,109,20,3,29,20,20,22,20,30,20,20,60,30,20,20,30,20
3446,10,3,10,32,32,53,5,9,9,10,9,7,9,3,44,20,9,32,9,25
3447,25,44,10,9,127,25,32,32,25,10,25,6,25,71,32,45,10,9,32,25
3453,3,41,5,17,38,66,20,16,20,5,17,20,5,41,14,41,16,5,5,16
3456,31,37,31,31,15,31,31,31,31,31,64,117,31,2,31,19,117,31,31,31
3460,66,136,66,136,136,66,136,35,67,29,63,136,67,136,67,136,29,136,23,29
3462,32,25,32,32,27,32,29,32,25,25,44,10,32,25,32,25,25,32,28,44
3467,22,21,20,32,21,22,23,20,20,20,22,20,20,30,20,21,66,26,20,20
3474,2,2,67,59,2,31,2,31,67,64,2,2,67,2,67,2,67,19,67,67
3477,68,36,0,36,57,0,36,38,43,1,37,70,68,68,3,0,0,36,45,45
3478,40,118,24,65,118,41,138,41,43,43,41,60,41,60,41,36,41,118,41,24
3480,30,37,20,59,21,23,23,5,30,22,20,3,103,17,29,64,59,59,5,118
3483,122,122,122,122,124,122,122,122,122,124,122,122,122,122,122,122,46,124,122,122
3484,8,63,144,47,13,8,15,28,8,63,8,142,48,63,12,47,68,63,47,63
3485,32,25,32,100,32,32,32,32,32,25,32,23,32,9,32,100,32,9,32,32
3486,51,49,4,4,4,4,54,7,4,54,49,54,4,4,7,29,7,4,29,4
3488,52,32,25,32,46,17,53,30,20,3,3,23,22,66,20,3,45,127,3,27
3492,3,65,102,63,63,102,63,54,109,47,73,144,102,45,145,67,102,36,55,55
3503,22,22,66,22,29,22,66,22,22,22,22,66,22,22,22,23,22,20,22,59
3507,45,44,24,71,41,41,36,24,24,32,24,67,45,62,24,1,67,62,24,62
3510,73,107,107,107,55,107,107,73,73,106,107,73,107,106,107,73,73,55,99,99
3511,61,60,66,61,29,61,66,66,66,66,66,60,66,61,66,61,66,61,61,66
3513,53,124,122,124,124,46,123,122,122,53,124,122,124,124,122,124,53,124,122,122
3514,122,122,122,53,124,123,123,122,122,124,122,122,124,124,124,122,122,53,122,122
3515,68,62,45,43,36,41,138,68,36,62,62,62,25,41,68,67,68,36,62,36
3520,137,122,138,122,122,122,122,122,122,124,122,122,128,53,122,122,53,122,122,151
3521,151,53,54,53,53,53,53,54,123,141,54,49,122,53,122,29,7,122,151,122
3525,53,51,46,4,11,46,122,46,128,122,60,11,50,122,122,51,46,52,121,46
3529,140,16,152,59,17,23,17,17,17,17,17,23,66,5,139,59,139,138,17,17
3530,8,57,8,42,57,8,18,8,8,57,33,12,8,51,8,57,18,18,8,18
3531,4,4,66,7,6,7,6,7,7,7,7,4,61,20,7,4,4,7,29,7
3537,73,73,99,104,73,105,105,104,104,104,73,73,104,119,104,73,73,119,104,99
3554,77,89,89,88,80,88,134,83,146,94,90,83,89,75,98,85,148,94,98,83
3562,82,148,82,82,82,82,135,92,96,76,82,148,79,82,82,82,76,148,90,135
3564,88,75,84,91,134,94,89,75,85,84,88,132,85,87,88,75,75,75,85,87
3566,80,83,78,87,134,80,77,77,80,80,81,94,80,83,81,83,80,87,80,77
3568,94,89,89,89,133,94,89,89,85,94,94,134,89,89,94,89,76,89,94,89
3569,133,133,133,134,133,75,89,89,89,94,133,134,97,134,133,89,133,89,94,89
3573,80,93,74,78,85,78,93,85,85,93,80,93,93,95,80,93,74,74,93,85
3577,134,134,94,134,134,134,134,97,134,134,134,134,134,134,134,134,134,134,134,134
3580,83,75,75,74,74,83,74,85,75,74,74,78,85,84,84,74,78,93,74,85
3582,94,88,94,82,135,133,134,89,89,134,75,133,89,134,88,134,133,130,133,89
3590,3,21,21,21,125,21,21,21,21,21,21,21,21,21,21,21,21,21,21,21
3621,144,18,144,18,68,34,103,34,144,44,125,21,144,103,47,47,144,47,47,144
3627,40,24,24,23,0,36,0,24,24,68,24,30,24,23,68,0,24,24,24,62
3628,38,26,26,69,3,38,26,38,38,115,26,26,39,26,39,26,41,26,26,26
3629,16,21,17,16,103,63,21,17,17,17,17,14,42,21,17,16,16,5,5,16
3630,108,108,108,108,47,108,108,108,108,108,108,108,108,108,108,108,108,108,108,108
3632,62,3,62,21,27,24,3,62,45,24,45,3,45,3,125,3,45,30,45,24
3636,4,49,54,49,49,54,49,54,54,51,54,49,54,49,49,49,54,49,4,54
3637,4,49,54,29,4,4,54,7,6,149,54,49,4,4,49,4,7,4,4,7
3656,70,2,70,70,70,69,2,70,69,68,70,65,69,2,69,70,65,0,70,70
3670,151,151,151,54,53,151,151,151,137,141,141,54,141,151,128,151,141,54,151,123
3671,151,151,147,128,151,128,151,128,128,151,128,151,151,122,53,142,53,151,137,137
3681,40,0,40,64,24,41,24,40,41,41,40,40,40,24,41,36,41,64,40,40
3694,106,106,106,106,106,106,106,106,106,106,73,106,110,106,106,106,106,106,110,110
3699,115,24,116,59,69,116,0,116,115,116,116,116,115,108,116,108,116,104,116,116
3758,89,89,89,89,94,89,133,94,89,89,89,133,89,89,89,89,94,94,94,89
3759,79,91,79,91,92,79,84,79,79,74,79,91,130,90,79,91,95,91,79,76
3770,87,87,87,86,86,87,74,74,148,87,87,86,87,95,74,86,74,87,148,148
3780,69,12,12,11,11,11,126,12,11,11,12,12,11,11,11,11,12,11,12,12
3790,103,72,109,129,72,56,126,116,109,43,103,126,56,138,21,129,21,72,56,32
3795,115,69,115,69,100,56,69,115,115,116,115,69,115,69,107,69,56,69,56,115
3797,10,68,9,68,126,72,129,72,9,69,9,57,25,154,9,72,9,48,9,9
3799,115,69,105,41,150,24,150,31,31,36,150,102,105,12,105,69,105,69,56,43
3802,144,24,24,150,24,34,24,67,24,24,67,125,34,43,24,0,67,24,24,67
3803,145,65,145,0,68,35,129,145,145,145,145,150,145,35,145,65,65,0,145,145
3806,40,38,38,38,40,38,129,38,40,38,38,129,38,39,38,40,40,38,40,38
3809,24,36,115,36,40,40,68,24,40,33,24,72,24,68,40,36,150,36,24,24
3815,70,40,34,40,150,24,36,24,67,36,62,118,70,40,70,40,47,40,34,24
3816,9,72,44,72,126,10,69,9,10,10,9,69,9,9,1,72,10,72,10,9
3821,128,142,128,128,142,136,142,136,128,142,128,141,50,124,136,142,53,142,136,53
3823,55,120,106,101,118,55,119,105,111,105,110,101,114,120,106,26,110,119,111,55
3828,60,104,23,23,129,20,23,23,23,23,23,136,20,23,20,136,23,23,22,23
3830,24,69,24,129,65,125,68,24,24,18,24,69,24,69,125,129,24,70,24,24
3835,144,67,144,70,150,125,150,67,67,67,67,67,67,34,24,0,67,67,144,67
3837,56,69,56,69,57,69,57,56,56,9,56,69,56,57,69,57,56,69,56,56
3843,6,46,46,6,127,127,127,127,127,46,6,127,6,6,9,127,127,6,127,127
3845,122,46,122,122,124,122,46,122,122,46,142,6,122,46,124,46,122,46,122,122
3852,137,126,136,123,122,141,138,137,138,138,137,138,137,123,136,138,151,138,137,137
3854,118,139,102,140,139,114,129,140,140,129,18,139,18,139,140,140,118,73,18,139
3859,65,150,35,153,40,35,153,35,145,43,43,65,145,35,5,0,35,150,145,14
3861,150,70,24,70,0,24,0,24,24,24,24,67,24,70,24,150,67,24,24,24
3863,99,26,116,116,119,116,149,115,115,56,116,116,119,119,119,26,119,73,116,116
3869,39,129,39,149,129,42,129,42,39,118,39,129,39,126,119,129,38,129,129,118
3870,105,114,120,143,119,105,105,120,120,106,105,101,113,143,120,114,120,143,106,106
3871,58,101,101,101,101,107,101,107,107,101,120,101,101,114,120,101,107,101,101,107
3882,102,118,102,118,118,118,118,118,118,102,102,118,118,118,102,118,102,118,102,102
3887,87,86,87,86,87,78,87,76,87,87,76,87,78,87,74,76,86,87,87,78
3893,84,86,84,85,74,85,74,85,85,84,85,78,85,74,86,86,84,74,84,86
3897,87,87,74,87,87,78,78,78,87,87,74,86,78,87,74,78,78,87,78,87
3910,77,146,130,130,146,146,146,130,77,130,77,146,77,146,146,146,77,77,77,146
3917,80,80,76,80,87,76,74,148,86,87,148,87,76,87,76,87,76,87,80,76
3921,3,30,21,3,3,21,21,21,21,3,21,21,21,21,21,30,3,3,21,21
3925,28,48,28,48,8,63,48,28,28,8,63,10,28,33,63,48,48,48,28,28
3927,25,9,10,25,9,25,10,25,10,10,10,10,25,10,25,9,10,10,25,10
3955,43,72,41,37,117,41,38,41,118,62,41,37,41,37,43,70,43,38,41,41
3958,19,36,43,41,117,41,43,41,43,40,41,67,40,41,117,37,43,41,41,40
3966,52,4,54,4,4,54,54,52,52,52,4,4,54,4,49,4,52,4,4,54
3968,151,53,51,53,53,51,53,51,52,53,53,53,53,123,51,53,53,53,53,53
3969,53,53,53,51,122,53,53,53,53,51,53,49,54,122,54,53,53,53,54,53
3979,68,30,68,68,3,68,68,68,68,62,68,30,68,68,68,3,68,68,68,68
3981,0,118,0,36,72,0,72,0,0,0,70,72,64,150,0,72,0,24,0,0
3986,67,70,67,70,108,67,108,67,67,70,67,70,70,70,67,70,67,70,67,67
3999,140,20,140,17,60,129,150,140,140,17,140,140,5,140,149,140,149,140,149,140
4018,101,101,101,101,101,101,101,58,102,101,101,101,101,101,101,101,101,101,101,101
4028,55,111,55,55,73,110,110,55,55,55,55,73,55,73,55,55,110,55,55,55
4033,116,2,116,2,21,116,0,116,115,116,116,32,115,67,116,116,115,3,115,115
4045,87,77,130,78,95,76,77,77,78,130,76,77,130,87,78,78,132,78,130,77
4052,23,88,81,81,134,146,81,85,85,75,146,75,81,81,81,20,77,81,75,81
4053,90,74,90,74,90,90,74,90,74,86,90,76,74,86,90,90,90,74,90,86
4054,77,74,77,95,76,95,91,77,86,90,77,77,95,90,90,90,77,90,80,87
4055,82,89,82,75,75,82,89,82,82,82,82,75,82,75,82,75,82,88,81,81
4069,89,89,97,133,89,84,89,89,89,97,133,97,146,94,133,89,94,89,94,89
4079,140,17,42,17,19,17,17,5,5,17,17,16,17,17,17,42,5,17,5,5
4086,11,7,12,7,7,71,59,56,11,49,6,6,3,127,3,7,3,11,12,11
4087,100,150,47,139,145,145,33,67,14,36,118,150,70,150,102,17,47,150,144,59
4090,72,8,37,22,127,38,12,72,63,7,23,13,62,145,72,12,72,23,68,60
4093,19,70,118,31,64,19,37,43,2,2,2,118,19,37,31,31,118,2,140,140
4096,23,109,61,59,7,20,23,59,59,107,109,46,20,61,61,59,109,59,22,30
4097,23,7,109,61,29,66,141,109,59,107,109,6,23,61,107,7,107,61,46,20
4099,9,9,10,10,127,10,9,10,9,25,9,10,10,22,9,1,9,127,9,10
4101,154,9,154,56,25,52,154,9,72,1,8,0,44,10,72,1,72,154,54,153
4102,147,25,9,154,68,10,8,10,10,10,145,47,9,25,9,126,10,8,10,10
4103,22,7,58,59,6,66,7,4,4,63,7,20,66,17,121,29,107,152,4,4
4104,37,70,108,37,70,108,70,108,108,108,108,150,70,112,70,112,37,37,108,112
4111,67,1,37,44,125,67,28,67,37,24,67,23,34,150,67,47,67,1,67,67
4114,39,37,41,41,2,38,39,40,38,26,41,150,41,150,39,119,38,31,30,38
4115,38,145,41,153,14,38,0,41,38,24,68,14,38,27,68,68,38,45,36,68
4122,8,22,8,44,1,8,28,25,8,8,8,22,25,68,25,22,25,28,25,48
4123,4,54,4,49,123,4,54,4,54,4,4,54,4,122,4,54,4,54,4,4
4124,29,29,29,61,46,29,59,29,63,61,3,30,29,59,3,121,29,29,3,121
4129,55,123,127,101,55,127,110,127,127,73,127,73,55,139,55,55,55,110,127,127
4134,3,46,20,6,127,22,127,20,23,22,12,46,3,6,3,46,11,46,61,3
4135,138,17,20,23,46,121,22,3,3,20,21,22,20,17,20,16,21,23,52,20
4136,65,3,11,3,127,62,6,62,63,51,13,6,62,6,13,6,62,29,34,65
4148,6,3,46,152,3,6,6,6,54,127,6,46,6,46,6,4,6,6,54,4
4149,126,128,128,128,128,124,128,128,128,7,128,128,128,122,128,124,128,122,128,137
4150,141,128,141,122,53,35,151,141,136,66,128,128,128,122,128,137,128,124,66,151
4166,42,42,58,140,40,17,112,119,42,101,58,129,58,46,42,129,58,58,149,17
4167,24,36,70,68,24,24,150,24,24,24,24,150,24,150,24,150,24,24,62,24
4170,141,122,46,127,46,141,122,141,46,127,123,122,68,123,53,122,46,46,138,122
4173,58,58,59,59,16,141,22,59,59,103,58,59,152,59,58,58,103,59,59,58
4179,21,23,59,22,122,22,22,22,20,141,22,61,22,1,3,22,22,23,61,22
4187,19,2,37,37,37,37,2,31,2,24,19,2,37,37,31,2,2,2,67,37
4193,37,37,37,37,70,37,37,37,37,37,37,108,37,37,37,37,37,37,37,37
4196,17,27,17,17,3,5,17,17,17,17,17,27,17,3,17,26,17,26,17,17
4201,25,28,28,25,28,8,28,10,8,28,28,25,28,25,8,25,8,25,25,25
4206,13,14,13,15,15,7,16,13,13,7,13,15,14,13,14,16,13,18,13,13
4215,64,67,24,108,108,108,108,40,40,108,24,67,64,108,64,67,64,108,24,24
4216,8,9,48,28,28,8,28,8,8,28,28,28,25,9,28,28,8,9,10,48
4232,40,72,40,24,72,41,36,43,43,36,43,72,43,68,43,24,118,65,41,41
4236,139,149,12,33,48,25,33,42,12,33,1,33,139,33,2,18,57,12,32,8
4240,4,121,4,52,4,49,4,4,4,4,4,4,4,50,4,50,4,4,4,4
4241,4,50,121,4,50,4,4,50,50,4,4,4,50,50,51,50,51,4,4,4
4255,30,3,30,3,3,30,3,3,30,3,30,30,30,3,30,3,30,3,64,30
4265,5,3,3,3,121,3,121,5,121,3,17,66,121,121,5,30,5,3,5,5
4267,122,127,126,122,6,126,46,122,151,122,127,127,127,122,46,124,122,127,45,142
4269,69,112,69,2,112,69,2,70,149,112,69,104,69,112,69,112,150,140,69,70
4272,140,108,26,108,108,26,108,140,108,112,140,108,108,108,149,108,108,108,108,129
4273,136,71,136,117,31,140,64,121,121,69,23,15,116,50,109,62,12,64,69,152
4274,151,122,140,36,0,64,122,137,12,149,65,29,50,69,137,65,6,64,65,69
4275,108,45,108,108,45,108,108,108,108,108,108,108,108,108,108,108,108,108,108,108
4279,137,122,126,67,36,30,138,70,109,151,24,37,136,122,138,122,136,138,75,76
4280,33,104,18,19,56,139,99,18,18,18,18,39,18,31,18,99,18,19,33,33
4281,102,42,108,102,38,26,112,108,102,111,8,19,126,113,114,129,115,143,116,109
4282,18,144,13,64,36,145,37,34,144,144,144,13,144,34,144,144,144,15,13,13
4283,21,150,21,20,59,59,59,103,103,72,23,149,58,21,109,59,103,24,103,30
4289,1,72,129,129,129,1,136,129,35,136,129,72,129,72,52,129,129,129,44,1
4296,17,17,17,17,17,5,32,17,17,5,17,17,17,32,5,17,17,17,17,17
4326,35,28,35,14,1,14,35,35,145,35,14,34,14,13,14,14,145,13,145,14
4330,39,115,38,26,116,39,115,38,38,115,38,116,39,115,39,26,38,26,39,38
4331,38,40,38,40,115,41,115,38,38,41,41,31,38,38,41,40,41,40,38,38
4332,38,115,38,38,38,38,38,38,38,40,41,115,38,38,40,26,38,38,38,38
4334,72,43,72,43,72,72,72,72,72,43,72,118,72,43,72,43,43,43,72,43
4337,46,124,123,46,124,46,6,123,123,124,46,124,123,127,46,124,123,124,46,123
4339,8,28,8,48,28,8,8,8,8,8,8,8,8,28,8,48,8,28,8,8
4340,4,4,4,4,4,4,4,7,4,4,4,49,4,50,4,50,4,4,4,4
4341,4,4,4,4,4,4,4,4,4,4,4,50,50,4,4,50,4,7,4,4
4343,138,52,4,138,4,4,138,51,51,51,51,65,52,138,4,138,51,138,52,51
4345,54,54,49,54,4,54,54,54,54,4,54,54,54,54,49,54,54,54,49,49
4346,55,55,55,73,55,110,55,110,110,55,55,55,55,73,110,73,110,73,110,110
4353,64,64,64,40,125,125,125,125,125,125,36,64,36,64,64,41,125,108,36,125
4356,64,16,64,64,15,62,26,62,62,16,5,64,64,64,64,15,5,64,36,62
4365,3,121,4,3,50,5,121,3,3,3,3,121,3,121,121,3,3,3,3,121
4368,124,123,123,46,54,123,151,123,123,123,123,123,124,123,124,46,123,123,124,123
4372,136,136,5,136,136,59,136,136,138,136,136,136,103,136,129,136,136,136,5,5
4382,152,150,139,152,59,152,147,152,152,152,22,59,66,108,152,147,141,147,152,152
4385,70,0,36,31,125,125,36,36,36,24,64,40,64,62,64,31,24,0,36,125
4388,42,35,150,35,14,153,42,44,150,35,12,14,153,35,38,125,38,125,150,129
4389,154,44,35,51,127,35,32,35,5,1,35,22,5,3,5,1,154,32,35,35
4407,116,115,39,115,39,26,115,26,39,116,26,115,38,116,26,26,26,115,26,116
4412,78,78,78,78,78,78,78,74,87,76,74,90,78,87,74,78,78,74,78,78
4419,88,81,84,148,88,88,88,88,88,84,88,88,84,88,88,88,75,88,88,88
4424,74,74,131,74,131,131,93,74,86,86,131,131,93,74,74,74,74,131,131,87
4433,85,85,84,85,85,85,84,84,84,84,84,80,85,84,85,95,84,85,84,84
4438,131,78,87,87,74,131,93,87,131,131,87,86,87,78,131,78,131,78,131,78
4444,84,85,85,84,88,85,88,84,84,85,84,88,85,88,85,81,84,81,84,84
4450,17,17,5,17,17,17,17,17,5,17,17,17,17,5,17,17,5,17,17,17
4472,25,48,48,8,28,25,8,48,25,27,48,10,25,25,27,48,48,48,27,25
4474,71,71,71,71,71,71,71,29,29,29,29,71,71,71,71,71,71,71,29,71
4486,40,36,41,41,0,38,1,41,41,41,40,31,40,36,41,40,41,41,40,40
4493,48,10,25,10,71,25,9,25,25,27,48,71,25,9,25,9,10,10,25,25
4495,49,57,49,33,57,49,57,46,20,8,49,52,61,20,8,54,4,60,49,49
4496,49,28,57,9,28,57,9,46,57,32,57,9,57,9,57,9,57,9,57,8
4497,57,9,57,9,9,8,9,57,8,10,57,9,10,100,8,9,57,48,20,8
4507,71,71,29,71,71,29,71,29,29,71,71,65,29,71,29,71,71,71,71,71
4508,71,63,71,63,39,71,63,71,63,65,65,71,71,65,71,71,71,71,71,65
4519,50,4,49,4,6,4,4,49,4,50,4,4,4,4,49,29,50,4,50,4
4523,0,0,0,0,38,125,41,64,64,0,64,0,0,24,0,24,0,41,0,0
4538,17,17,17,17,17,149,149,5,140,17,17,17,17,149,5,149,17,149,149,149
4540,151,51,137,51,137,137,121,137,51,151,52,136,151,141,151,151,52,51,51,51
4546,112,106,112,106,101,112,101,112,112,101,101,101,101,107,112,106,112,101,112,101
4550,120,99,99,73,73,120,99,120,120,120,116,99,115,99,120,99,116,55,120,113
4556,110,55,55,110,3,111,55,111,55,110,111,99,111,55,110,55,110,55,110,110
4561,115,117,115,117,117,117,117,115,31,117,115,117,115,117,117,117,115,117,116,116
4565,116,116,115,117,117,105,117,120,120,117,113,117,117,117,116,19,116,117,113,117
4569,77,77,95,95,130,95,95,77,87,77,95,77,95,77,95,130,95,77,95,95
4570,77,77,77,77,77,77,77,77,77,77,77,77,77,95,77,95,77,77,77,77
4596,131,131,95,131,80,25,80,48,148,131,25,95,131,81,135,131,131,131,131,131
